Tipo;Nome_Produto;Quantidade;Pre�o;Codigo_Barras;Opcoes_extras;Fornecedor;Cnpj
Bebida;cerveja;3;2.55;4644464614;4.3;25.7;Fulano;41212;20/6/2017
Salgado;empada;100;4.99;164684468;30;1;0;Fornecedor;78888;19/6/2017
Fruta;uva;50;10.50;4464464;42;6/6/2016;Fornece SA;4141;10/6/2017
Doce;bala;666;6.00;8887878;90;1;1;Fornece SA;4141;9/6/2017
CD;The Wall;5;29.90;991541;Rock;Pink Floyd;Fulano;41212
DVD;Avatar;20;39.90;124582;Aventura;160;Fornecedor;78888
Livro;Introducao a C++;50;19.9;7812354;Airton;Editora Brasil;2018;Fulano;41212